Model,MAPE,R2,RMSE,Leaderboard_Score
LightGBM,1.1485872927522134,0.972255344840652,0.1592571927135092,57.772526001756866
VotingEnsemble,1.2600503199206703,0.976736533613435,0.14459216324497268,53.67462059115183
Stacking_Ensemble,1.5398925240753836,0.9553131130384298,0.200717368055826,43.38630426193443
CatBoost,2.1505949539800175,0.9710733676456943,0.16131952866084917,20.934009044852303
Weighted_Ensemble,913177.2817702501,-13441132475.354828,112913.40168401049,0.0
