Model,Mean_MAPE,Std_MAPE,Mean_R2,Std_R2,Mean_Score,Std_Score
LinearRegression,0.7094161976394153,0.11013780206944494,0.9736312253982333,0.0024507672532243156,73.91852214560973,4.049183899611949
Ridge,0.7165114567399586,0.10972980203610289,0.9735447930251759,0.002452398365723789,73.65766703161917,4.0341838983861384
GradientBoosting,1.0427887353991188,0.23344963098432014,0.9634700742589519,0.0016832963947529115,61.66217884562063,8.582707021482356
RandomForest,1.339951541212336,0.13068360405227594,0.9290429424666954,0.0033513303976536245,50.73707569072294,4.804544266627794
ElasticNet,1.3466924179872506,0.2925766309264396,0.8960256409568252,0.01344393377990617,50.48924933870401,10.756493784060279
Lasso,1.7141855834922528,0.42940655886448914,0.8235037611596935,0.022244045224861217,36.97847119513777,15.787005840606218
