overall_mape,score
0.292636153,87.1
0.323061488,87.5
0.342617174,87.3
0.409211647,84.7
0.422454375,88.04
0.43979616,88.12
0.443461004,87.3
0.44796734,88.39
0.453215987,84.73
0.453306875,84.42
0.456295765,88
0.465027105,89.45
0.480999632,86.93
0.504873175,88.01
0.50489229,87.62
0.506490301,86.49
0.522082548,88.52
0.639280058,88.13
0.641465755,88.2
0.84869912,89.09
0.924183836,88.61
