Model,MAPE,R2,RMSE,Leaderboard_Score
VotingEnsemble,0.8418761407667409,0.97118519796988,0.16127855994232104,69.04867129534041
CatBoost,0.910277563766571,0.9710040467681079,0.1614976978093136,66.53391309681724
Stacking_Ensemble,1.4358242222331075,0.9560974175856434,0.19918232715200862,47.21234477084164
Weighted_Ensemble,541377.0894360783,-20563859341.706867,139988.11674947376,0.0
