Model,Mean_MAPE,Std_MAPE,Mean_R2,Std_R2,Mean_Score,Std_Score
LinearRegression,0.7094161809944353,0.1101378306392118,0.9736312270850839,0.0024507662405274144,73.91852275755753,4.049184949971023
Ridge,0.7165114567399608,0.10972980203609288,0.9735447930251759,0.002452398365723789,73.6576670316191,4.034183898385772
GradientBoosting,1.0494039069907362,0.23462990702182362,0.9633693751382746,0.0017089512541041177,61.418974007693535,8.626099522861159
RandomForest,1.3133871417258791,0.10665338992552138,0.9290553633204401,0.003311348717674536,51.71370802478386,3.9210805119676992
ElasticNet,1.3466955119408404,0.2925801539151435,0.8960253796485584,0.013444357995869424,50.489135590410285,10.756623305703805
Lasso,1.7141925586481221,0.4294113652537811,0.8235035012073885,0.02224456485508281,36.97821475558374,15.787182546094893
